Height_[cm],Voltage_difference_[V]
0.39,-0.0483
0.427,-0.161
0.445,-0.18354
0.468,-0.21252