Height_[m],Voltage_difference_[V]
0.427,-0.161
0.445,-0.18354
0.459,-0.20286
0.468,-0.21252